driverId,teams
1,McLaren; Mercedes
2,BMW Sauber; Williams; Jordan; Sauber; Prost; Renault
3,Williams; Mercedes
4,Renault; McLaren; Minardi; Ferrari
5,McLaren; Renault; Lotus; Caterham; Lotus F1
6,Williams
7,Toro Rosso
8,Ferrari; McLaren; Sauber; Lotus F1
9,BMW Sauber; Renault
10,Toyota; Jordan; Virgin; Marussia
11,Super Aguri; BAR; Jordan
12,Renault
13,Ferrari; Sauber; Williams
14,Red Bull; McLaren; Williams
15,Toyota; Renault; Jordan; Prost; Minardi; Lotus
16,Force India; Spyker; Sauber
17,Red Bull; Williams; Jaguar; Minardi
18,Honda; BAR; Renault; Benetton; Williams; Brawn; McLaren
19,Super Aguri; BAR; Minardi
20,Toro Rosso; BMW Sauber; Red Bull; Ferrari
21,Force India; Renault; Sauber; Jordan; Benetton; Minardi; Ferrari
22,Honda; Ferrari; Stewart; Jordan; Brawn; Williams
23,Toyota; Williams; Jordan
24,Toro Rosso; Red Bull; Force India; HRT
25,Williams; McLaren; Benetton
26,Toro Rosso
27,Spyker; MF1; Spyker MF1; Minardi
28,Spyker
29,Spyker; Super Aguri; HRT
30,Ferrari; Benetton; Jordan; Mercedes
31,McLaren; Williams
32,Red Bull; Jaguar; HRT
33,MF1; Spyker MF1; Jordan
34,Super Aguri
35,BMW Sauber; Sauber; Renault; BAR; Williams
36,Super Aguri
37,McLaren; Jaguar; Arrows; Sauber; HRT
38,Red Bull; Minardi
39,Jordan; HRT
40,Minardi
41,Toyota; Jordan; BAR
42,Williams; Jaguar
43,Toyota
44,Toyota; BAR; Prost; Ligier
45,Jordan
46,Minardi
47,Minardi; Jordan
48,Williams; Minardi
49,Sauber; Arrows; Jordan; Prost; Williams
50,Minardi; Arrows; Stewart; Tyrrell; Footwork; Simtek; Benetton
51,Minardi; Jaguar
52,Jordan
53,Minardi
54,Jaguar; Prost
55,Prost; Jordan; Sauber; Benetton; Ferrari; Tyrrell
56,Jaguar; Ferrari; Jordan
57,McLaren; Team Lotus
58,Minardi
59,Arrows
60,Prost; Minardi
61,Prost
62,Minardi
63,Toyota; Sauber; BAR; Ferrari; Arrows; Tyrrell; Team Lotus
64,Sauber; Arrows; Ligier; Forti
65,Jaguar; Stewart; Sauber; Benetton; Team Lotus; Ligier; Tyrrell
66,Toyota
67,Toro Rosso
68,Arrows; Tyrrell
69,Minardi; Forti; Lola; Ferrari
70,Williams; Team Lotus; Minardi; Jordan
71,Jordan; Arrows; Williams; Brabham
72,Minardi
73,Tyrrell; Lola; Footwork
74,Minardi
75,Minardi; Prost
76,Stewart; McLaren
77,Benetton; Ferrari; McLaren; Arrows; ATS
78,Sauber; Ferrari; Lambo; Ligier; Osella; Coloni
79,Minardi; Tyrrell; Larrousse
80,Lola
81,Sauber; Footwork; Minardi; Ferrari; Dallara
82,Sauber
83,Minardi; Team Lotus
84,Jordan; Ligier; McLaren; Benetton; Brabham; Williams; Zakspeed; Tyrrell
85,Forti; Pacific; Simtek
86,Minardi; Pacific
87,McLaren; Tyrrell; Ligier; Brabham
88,Ligier; Jordan; Footwork; Larrousse; Lola; Zakspeed
89,Footwork; Simtek
90,Forti; Andrea Moda; Benetton; Jordan; Minardi; Euro Brun; Coloni; AGS; Team Lotus
91,Sauber; March; Leyton House
92,Pacific; Larrousse; Jordan; Coloni; Onyx; Rial
93,Simtek
94,Minardi; Dallara; Toleman
95,McLaren; Williams; Ferrari; Team Lotus
96,Sauber
97,Footwork
98,Pacific; Larrousse
99,Tyrrell; Fondmetal; AGS; Coloni; Osella
100,Larrousse; Ligier
101,Simtek; Brabham
102,Williams; McLaren; Team Lotus; Toleman
103,Ligier; Team Lotus; Larrousse; Lola
104,Footwork; Minardi
105,Minardi; Lola; Footwork; Arrows; Tyrrell; Larrousse; Ferrari
106,Larrousse
107,Simtek
108,Pacific; March
109,Benetton; Sauber; Dallara; Onyx
110,Jordan; Sauber; Tyrrell; Dallara; Rial; Brabham; Minardi; Ligier; Alfa Romeo; McLaren
111,Simtek; Minardi
112,McLaren; Larrousse; Ligier; RAM
113,Team Lotus
114,Larrousse; AGS
115,Larrousse
116,Ligier
117,Williams; Ferrari; McLaren; Renault
118,Footwork; Team Lotus; Arrows; Brabham; Renault; Toleman
119,Benetton; Williams; Brabham; Alfa Romeo; Arrows; Shadow
120,Minardi; AGS
121,McLaren
122,Jordan; Ferrari; Leyton House; March; AGS; Tyrrell
123,Jordan; Ligier; Williams; Benetton; Arrows
124,Jordan
125,Jordan; March
126,Larrousse
127,Jordan; Leyton House; March
128,Brabham; Fondmetal; Lambo
129,Tyrrell; Fondmetal; AGS; Osella; Ligier
130,Fondmetal
131,Jordan; Tyrrell; Brabham; Euro Brun
132,Brabham
133,Footwork; Arrows; Dallara; Osella
134,Coloni
135,Andrea Moda
136,March; Theodore; ATS; Ensign; Shadow
137,Benetton; Team Lotus; Williams; Brabham; Brabham-Alfa Romeo; Brabham-Ford; Ensign; McLaren
138,Tyrrell; Team Lotus
139,Dallara; Benetton
140,AGS; Footwork; Onyx; Ligier; McLaren; Ferrari; Tyrrell; Toleman; Spirit; Shadow
141,Team Lotus; Tyrrell
142,Coloni
143,Team Lotus
144,Coloni
145,Benetton; Minardi
146,Arrows; Zakspeed
147,Minardi
148,Brabham; Onyx; Euro Brun; Rial
149,Euro Brun
150,Life
151,Team Lotus; Arrows
152,Life; Toleman; Alfa Romeo; McLaren
153,Toro Rosso
154,Renault; Lotus F1; Haas F1 Team
155,Toyota; Sauber; Caterham
156,Tyrrell; Zakspeed; RAM; Williams
157,Rial; Zakspeed; Osella; Arrows
158,Arrows; Lola; Alfa Romeo; Renault; Ligier; Tyrrell; Osella; Theodore; Hesketh
159,Minardi
160,Osella; Zakspeed; Ligier; Toleman
161,Rial
162,Coloni; Rial; Larrousse
163,Ligier; Ferrari; Renault; Martini; Surtees
164,AGS
165,Euro Brun
166,AGS; Tyrrell; Ligier; Renault
167,Minardi
168,Williams; RAM
169,AGS
170,Benetton; Toleman; Brabham
171,Osella
172,Ligier; Williams; Iso Marlboro
173,Brabham; Team Lotus; Shadow
174,Team Lotus
175,Lola; Renault; Ferrari; Theodore; Ligier; McLaren; Surtees; Ensign
176,Arrows; Brabham; Ensign; Theodore; ATS
177,McLaren; Williams; Fittipaldi; Wolf; Theodore; ATS
178,Lola; Arrows; Williams; Shadow; Surtees; Hesketh; Embassy Hill
179,Zakspeed; Osella; Spirit
180,Osella
181,RAM; ATS; Brabham; Arrows
182,McLaren; Brabham-Alfa Romeo; Brabham-Ford; Brabham; Ferrari; BRM; March; March-Ford
183,Brabham; Renault; Ligier
184,Spirit; Alfa Romeo; Arrows
185,Tyrrell
186,RAM
187,McLaren; Brabham; Penske; Surtees; Team Lotus
188,Toleman; Theodore
189,Osella
190,Brabham; Osella
191,RAM; Tyrrell; Arrows
192,Arrows; Fittipaldi
193,Tyrrell
194,RAM; ATS; March; Osella; Ensign
195,Theodore; Ensign
196,Ligier; March
197,Ligier; Osella; Tyrrell; ATS; Team Lotus; Penske; Shadow; Shadow-Ford; Shadow-Matra; March; March-Ford
198,RAM; Arrows
199,Williams; Team Lotus; Ferrari; Brabham-Alfa Romeo; Brabham
200,March; Arrows; ATS; McLaren; Surtees
201,Tyrrell; ATS
202,Ferrari; Ligier; Tyrrell
203,Ferrari; McLaren
204,Osella
205,Arrows; Tyrrell; Toleman; March; Boro; Team Lotus
206,Theodore; Williams; March; Tyrrell; Ensign; Hesketh
207,Williams; Ferrari; Alfa Romeo; Team Lotus; Parnelli; March; Lotus-Ford
208,March; McLaren; Brabham-Ford
209,Theodore; Team Lotus; Shadow; Ensign; Williams; Tyrrell
210,Theodore
211,March; Williams; Surtees; Hesketh
212,Brabham; Team Lotus; Rebaque; Hesketh
213,Osella; Surtees
214,Tyrrell; Williams
215,Osella
216,Arrows
217,Tyrrell; Brabham; Brabham-Ford
218,Ensign
219,Ligier; Renault; Tyrrell; Iso Marlboro; Surtees
220,Osella; Brabham
221,Alfa Romeo; Ligier; Tyrrell
222,Ferrari; Wolf; Tyrrell; McLaren
223,Ensign; Williams; Shadow; Ferrari; BRM
224,Fittipaldi; McLaren; Team Lotus; Lotus-Ford; Lotus-Pratt &amp; Whitney
225,Shadow
226,McLaren
227,Ensign
228,Williams
229,ATS; Ensign; Hesketh
230,Alfa Romeo; Surtees; March
231,Wolf; McLaren; Hesketh; March
232,Merzario; March; Shadow; Wolf; Williams; Fittipaldi; Iso Marlboro; Ferrari
233,ATS; Shadow; March; Brabham
234,Kauhsen; Merzario
235,Ligier; Ensign; Wolf; Team Lotus; Ferrari; McLaren; Iso Marlboro; Brabham-Ford; Matra; Cooper-Maserati
236,Ensign
237,Fittipaldi; March; Hesketh
238,Team Lotus; Tyrrell; March; March-Ford; March-Alfa Romeo
239,McLaren; Ensign; March; Surtees; Hesketh
240,Ensign; Shadow; Penske
241,Ensign; Surtees
242,Hesketh; Surtees
243,Arrows; Brabham-Alfa Romeo; Hesketh; Lola; Embassy Hill; Brabham; March; Surtees
244,ATS; Merzario
245,McLaren; Surtees; Maki
246,ATS; Surtees; Penske; Ensign; Wolf
247,ATS; March
248,Surtees
249,Wolf
250,Brabham; Brabham-Alfa Romeo; Surtees; March
251,March; Tyrrell; Williams; Team Lotus; Hesketh
252,Shadow; Shadow-Ford; Token
253,Fittipaldi
254,Shadow; Williams
255,Team Lotus
256,BRM; Surtees; Boro; Brabham-Alfa Romeo; Amon
257,March; Penske
258,March; Brabham-Ford; Ensign
259,LEC; Token; March
260,BRM; Surtees
261,March
262,Shadow; BRM; McLaren; BRM-Ford; Lotus-Ford
263,March
264,March
265,BRM; Hesketh; Lola
266,McGuire
267,Surtees; Embassy Hill; Ensign
268,Penske
269,BRM; Brabham
270,Hesketh; BRM; Williams; Token; Brabham
271,Apollon; Brabham-Ford
272,Tyrrell
273,Kojima; Tyrrell
274,Kojima; Surtees
275,March; Brabham-Ford; Williams; Brabham
276,Team Lotus; Brabham-Ford; BRM
277,Wolf; Tyrrell
278,Ensign; Wolf; Amon; BRM; Tecno; Tyrrell; Matra; March; Ferrari; Cooper-Maserati; Brabham-BRM; Lotus-BRM; Lotus-Climax; Lola
279,Williams
280,Surtees; BRM; March; Iso Marlboro; Politoys; March-Ford; Matra
281,Brabham-Ford
282,Brabham-Ford; Williams
283,Shadow; BRM; March; Ensign
284,Tyrrell
285,Tyrrell
286,Wolf
287,Kojima
288,Penske; March; McLaren
289,Lola; Embassy Hill; Shadow; Brabham; Team Lotus; Lotus-Ford; Lotus-BRM; BRM
290,Fittipaldi; Brabham
291,Team Lotus
292,Team Lotus; Tyrrell
293,McLaren; Team Lotus; Brabham; Lotus-Ford; Brabham-Repco; Brabham-Climax
294,Williams; Embassy Hill
295,Ensign
296,Lola; Embassy Hill; Williams; BRM; Connew
297,Hesketh
298,Ensign; Iso Marlboro; Surtees
299,Maki
300,Lyncar
301,Surtees
302,Team Lotus
303,Williams
304,McLaren; McLaren-Ford; McLaren-BRM; Brabham-Repco; Brabham-Climax
305,McLaren; Surtees; Lotus-BRM; Lotus-Climax; Lola
306,BRM; Matra; Matra-Ford; McLaren-Ford
307,March; Maki; Iso Marlboro; BRM
308,Brabham; Iso Marlboro
309,Shadow; McLaren; Tyrrell; Lotus-BRM; Lotus-Climax
310,Team Lotus; Lotus-BRM
311,Iso Marlboro
312,Shadow; McLaren; BRM; Surtees; De Tomaso; Cooper-Maserati; Cooper-BRM
313,Brabham; Ensign
314,Trojan; Team Lotus; Iso Marlboro; Surtees; Brabham; De Tomaso
315,Brabham
316,Surtees
317,March; BRM; Team Lotus; Lotus-Ford; Lotus-Pratt &amp; Whitney
318,Shadow
319,Surtees
320,Lola; BRM; McLaren; McLaren-Ford
321,Surtees; Tecno; Brabham; McLaren-Ford; Ferrari
322,McLaren; Honda; BRM; Lola
323,Surtees
324,Brabham; Surtees
325,Brabham
326,Brabham; Lotus-Ford
327,Tyrrell; March
328,Tyrrell; March; Matra-Ford; BRM
329,March; March-Ford
330,Iso Marlboro; Tecno; Ferrari; March-Ford; March-Alfa Romeo; McLaren-Alfa Romeo
331,Surtees
332,Shadow
333,Surtees; Brabham; March-Alfa Romeo; McLaren-Alfa Romeo; Ferrari
334,Iso Marlboro; Brabham; Brabham-Climax; LDS-Alfa Romeo
335,March
336,Iso Marlboro
337,BRM
338,Team Lotus; Lotus-Pratt &amp; Whitney
339,BRM; March-Ford; Team Lotus
340,Surtees; March-Ford; Team Lotus; Lotus-Ford; Brabham-Repco; Cooper-Climax
341,Surtees; McLaren-Ford; BRM; Honda; Ferrari; Cooper-Maserati; Lola; Cooper-Climax; Team Lotus
342,March; March-Ford
343,BRM; Lotus-Ford
344,Surtees
345,BRM; Ferrari; Cooper-Maserati; Lotus-Climax; Lotus-BRM
346,BRM; March; Lotus-Ford; Cooper-Maserati; Brabham-BRM; Lotus-BRM; Brabham-Climax; Lotus-Climax
347,McLaren; McLaren-Ford; Lotus-Ford; Cooper-Maserati; McLaren-BRM; Honda; Brabham-Climax; Cooper-Climax; Brabham-BRM; Porsche; BRM; Maserati
348,March-Ford
349,March-Ford
350,BRM; Cooper-Maserati; McLaren-Ford; Cooper-BRM
351,Bellasi; Brabham-Ford; Brabham-Repco; Cooper-ATS
352,BRM
353,Lotus-Ford; Team Lotus; Cooper-Castellotti
354,Brabham
355,BRM
356,Brabham; Brabham-Ford; Brabham-Repco; Brabham-Climax; Lotus-Climax; Cooper-Climax; Cooper; Maserati
357,Team Lotus; Lotus-Ford
358,Team Lotus; Lotus-Ford; Brabham-Repco; Cooper-Maserati; Cooper-Climax; Brabham-BRM
359,March; Matra-Ford; Cooper-BRM; Matra
360,McLaren-Ford; McLaren; McLaren-BRM; Eagle-Weslake; McLaren-Serenissima; Cooper-Climax; Cooper
361,De Tomaso; Brabham-Ford; BRM; Lotus-BRM
362,Brabham; Brabham-Repco; Alfa Romeo
363,Ferrari
364,McLaren-Ford; Eagle-Weslake; Brabham-Repco; Eagle-Climax; Brabham-Climax; Brabham; Porsche; Lotus-BRM; BRM; Ferrari
365,March; Lola
366,Brabham
367,BRM
368,Brabham-Repco; LDS; LDS-Climax; LDS-Alfa Romeo; Lotus-Climax
369,McLaren-Ford; Cooper-Climax
370,Lotus-Ford; BRM; Cooper-Maserati; Lotus-BRM
371,Eagle-Climax
372,Brabham-Climax
373,Lotus-Ford; Lotus-BRM; Lotus-Climax; Team Lotus
374,BRM; Lotus-BRM; Lotus-Climax
375,Cooper-BRM; Ferrari; Eagle-Weslake
376,Cooper-BRM; BRM; Lola; Lotus-Climax; ENB; Emeryson; Cooper-Climax
377,Honda; Matra
378,Cooper-BRM
379,Brabham-Repco; Protos
380,BRM; Brabham-BRM; Brabham-Ford
381,BRM
382,Lotus-Ford; Lotus-BRM; Cooper-Maserati; Lotus-Climax; BRM
383,Brabham-Climax; Lola
384,Brabham-Climax
385,Ferrari; BRM; Cooper-Maserati
386,Eagle-Climax; Cooper-Maserati; Honda; BRM; Ferrari; Scarab
387,Ferrari; Fry
388,Lotus-BRM; BRM; Brabham-Climax
389,Cooper-Maserati; Brabham-Repco
390,Cooper-Maserati; Brabham-Ford
391,Protos
392,Lotus-BRM
393,Cooper-Climax
394,Lotus-Ford; Ferrari; Brabham-Climax; BRM; ATS
395,Ferrari
396,BRM; Eagle-Climax; Eagle-Weslake; Ferrari; Lotus-BRM
397,Lotus-BRM; Lotus-Climax; Team Lotus
398,BRM; Cooper-Climax
399,Brabham-BRM; Cooper-Climax
400,Cooper-Ferrari
401,Shannon; BRP; Lotus-BRM; Lotus-Climax; Cooper-Climax
402,Lotus-Climax; Brabham-BRM
403,Eagle-Climax; Cooper-Climax; ATS; Lotus-BRM; Ferrari; Maserati
404,BRM; Lotus-BRM; BRP; Lotus-Climax; Team Lotus
405,Honda
406,Brabham-Ford; Lotus-Climax
407,Brabham-Ford; Brabham
408,Lotus-BRM; BRM; Cooper-Climax; Lotus-Climax
409,Cooper-Ford; Cooper-Maserati
410,Lotus-Climax
411,LDS-Climax; LDS
412,Lotus-Ford
413,Lotus-Climax
414,Lotus-Climax
415,RE
416,Cooper-Maserati
417,Cooper-Climax
418,BRM; Lotus-BRM; Lola; Lotus-Climax; Cooper-Climax; Behra-Porsche; Cooper-Maserati; Maserati
419,Cooper-Climax
420,Brabham-BRM; Brabham-Climax; Gilby
421,Cooper-Ford
422,Lotus-Climax
423,Lotus-Climax; Porsche
424,BRM; De Tomaso-Alfa Romeo
425,Ferrari; Lotus-Climax; Porsche; De Tomaso-Alfa Romeo
426,BRM
427,BRM; Lola; Lotus-Climax; Cooper-Maserati; Cooper-Climax; Aston Martin; Cooper; Maserati; Ferrari; Vanwall; Bugatti; Gordini; Simca
428,Lotus-BRM; Lotus-Climax; Cooper-Climax
429,Scirocco; Lotus-Climax; Emeryson; Ferrari; Gordini; Connaught; Talbot-Lago
430,Porsche; Cooper-Climax; Maserati
431,Cooper-Climax; Porsche; EMW
432,Derrington; Cooper-Climax; Cooper-Maserati
433,Lotus-Climax; Team Lotus; Cooper-Climax
434,Brabham-BRM; Lotus-BRM; Cooper-Climax
435,Ferrari; Lotus-Climax
436,Lotus-BRM; Lola; Lotus-Climax; Emeryson; Cooper-Climax
437,Scirocco; Cooper-Climax; Lotus-Climax; Cooper-Maserati; Cooper
438,Scirocco; Emeryson
439,De Tomaso; Maserati
440,Lotus-BRM; Lotus-Climax; Team Lotus
441,Lotus-Climax; Cooper-Climax
442,Lotus-Borgward
443,Cooper-Maserati
444,De Tomaso-Ferrari; De Tomaso-Osca
445,Lotus-BRM
446,Porsche; Lotus-Climax
447,Lotus-Maserati
448,Stebro
449,Lotus-BRM; Watson; Kurtis Kraft; Lesovsky; Kuzma; Pawl; Bromme
450,Stebro
451,Cooper-Climax
452,Lotus-Climax
842,Toro Rosso
453,Cooper-Climax; BRM; Cooper
454,Ferrari
455,Emeryson; Lotus-BRM; Lotus-Climax; Cooper-Climax; Maserati; Cooper; Veritas
456,Lola; Cooper-Climax; Aston Martin; Cooper-Maserati; Cooper; BRM; Vanwall; Maserati; Connaught; Ferrari
457,Porsche
458,Porsche
459,BRM; Lotus-Climax; Cooper
460,BRM; Lotus-Climax
461,Porsche; Lotus-BRM
462,Porsche; Cooper-Maserati
463,Lotus-Climax
464,Lotus-Climax; Lotus-BRM
465,Lotus-Climax; Gilby; Cooper-Maserati; Cooper-Climax
466,Porsche
467,Lotus-Climax
468,Lotus-Climax; Cooper-Climax
469,Lotus-Climax
470,Cooper-Climax
471,BRM
472,Cooper-Alfa Romeo
473,Lotus-Climax
474,Lotus-Climax
475,Lotus-Climax; Ferguson; Cooper-Climax; Team Lotus; BRM; Cooper; Vanwall; Maserati; Mercedes; Connaught; HWM; ERA
476,Ferrari; Cooper-Maserati; Porsche
477,Lotus-Climax; Ferrari; Team Lotus; Maserati
478,Porsche; Cooper-Maserati; BRM; Maserati; Mercedes; Veritas
479,BRM; Cooper-Climax; Vanwall; Ferrari
480,Lotus-Climax
481,Lotus-Climax; Cooper-Climax
482,Emeryson; Ferrari; Lotus-Climax; Cooper-Climax
483,De Tomaso-Osca; Maserati; Cooper-Castellotti; Cooper-Maserati; Cooper-Climax; Ferrari
484,JBW; Cooper-Maserati; Cooper
485,Lotus-Climax
486,Cooper-Climax; Cooper-Maserati; Connaught; Cooper; BRM; HWM; Ferguson
487,Cooper-Maserati
488,MBM
489,Cooper-Climax; Cooper-Maserati
490,Cooper-Climax
491,Cooper-Climax; Cooper-Maserati
492,Cooper-Climax
493,Lotus-Climax
494,Lotus-Climax; Watson
495,Lotus-Climax
496,Cooper-Maserati; Maserati; Gordini
497,Team Lotus
498,Ferrari; Maserati; Vanwall; Talbot-Lago
499,Cooper-Maserati
500,Maserati; Cooper-Castellotti
501,Cooper-Climax; BRM; Maserati; Vanwall; Ferrari; Gordini; Cooper; Talbot-Lago
502,Team Lotus
503,Maserati
504,Maserati
505,Cooper-Climax; Cooper-Borgward
506,Cooper-Climax; Team Lotus; Maserati
507,Scarab; Cooper-Climax
508,Scarab; Cooper-Climax
509,Watson; Epperly; Kurtis Kraft; Wetteroth
510,Epperly; Kurtis Kraft
511,Phillips
512,Lesovsky; Kurtis Kraft; Kuzma; Nichels; Del Roy
513,Trevis; Kurtis Kraft; Kuzma; Pawl
514,Meskowski; Moore; Kurtis Kraft; Phillips
515,Trevis
516,Kurtis Kraft
517,Epperly; Kurtis Kraft
518,Kuzma; Kurtis Kraft; Lesovsky; Deidt; Stevens
519,Kuzma; Kurtis Kraft
520,Kurtis Kraft; Kuzma; Lesovsky; Langley
521,Watson; Kuzma; Kurtis Kraft; Marchese
522,Meskowski; Kurtis Kraft
523,Kurtis Kraft; Trevis
524,Christensen
525,Epperly; Kuzma; Schroeder; Kurtis Kraft
526,Watson; Maserati; Kurtis Kraft; Kuzma; Lesovsky
527,Ewing; Kuzma
528,Kurtis Kraft; Phillips; Watson
529,Watson; Epperly; Kurtis Kraft; Kuzma; Deidt
530,Epperly
531,Kurtis Kraft; Kuzma
532,Kurtis Kraft; Pawl
533,Epperly; Kurtis Kraft
534,Kurtis Kraft
535,Epperly; Kurtis Kraft
536,Watson; Lesovsky; Kurtis Kraft
537,Watson; Kurtis Kraft
538,Ewing; Dunn; Kurtis Kraft
539,Kurtis Kraft; Kuzma
540,Team Lotus; Cooper-Climax
541,Team Lotus; Cooper-Climax; BRM; Cooper; Connaught; Maserati
542,Team Lotus
543,Cooper-Castellotti; Maserati; OSCA
544,Cooper-Climax
545,Behra-Porsche
546,Cooper-Climax
547,Maserati; Cooper
548,Maserati
549,Cooper-Climax; Cooper-Borgward; Connaught; Team Lotus; Maserati
550,Cooper-Climax
551,Porsche; Maserati
552,Cooper-Climax
553,Maserati
554,Ferrari; Maserati; BRM; Gordini
555,Kurtis Kraft; Nichels
556,Kurtis Kraft; Nichels
557,Kurtis Kraft
558,Kuzma; Kurtis Kraft
559,Watson; Kurtis Kraft; Kuzma
560,Kuzma; Kurtis Kraft
561,Elder; Kurtis Kraft
562,Christensen; Lesovsky; Kurtis Kraft
563,Kurtis Kraft; Dunn; Kuzma
564,Kurtis Kraft; Watson
565,Sutton; Kurtis Kraft
566,Aston Martin; Maserati
567,Maserati; Tec-Mec
568,Maserati
569,Cooper-Climax
570,Cooper-Climax
571,Team Lotus
572,Porsche
573,Cooper-OSCA; Ferrari
574,Cooper-Borgward
575,Connaught
576,Maserati
577,Ferrari; Maserati
578,Ferrari; Maserati; BRM; Vanwall; Cooper
579,Maserati; Ferrari; Mercedes; Alfa Romeo
580,Maserati
581,Ferrari; Maserati; Vanwall; HWM
582,Maserati
583,Maserati
584,Connaught
585,Connaught; Emeryson
586,OSCA; Maserati; Arzani-Volpini
587,Connaught
588,Maserati
589,Maserati; Lancia; OSCA; Talbot-Lago
590,Vanwall; Connaught
591,Epperly
592,Watson; Kurtis Kraft; Lesovsky; Pankratz
593,Kurtis Kraft
594,Kuzma; Kurtis Kraft
595,Kurtis Kraft; Kuzma
596,Watson; Kurtis Kraft; Stevens
597,Kurtis Kraft
598,Kurtis Kraft
599,Kuzma
600,Cooper
601,Cooper
602,Cooper
603,Cooper
604,Cooper
605,Cooper
606,Ferrari
607,Ferrari; Maserati
608,Ferrari; Lancia
609,Maserati; Gordini; Mercedes; Ferrari; Simca
610,Cooper; BRM; Connaught
611,Epperly; Kurtis Kraft
612,Kurtis Kraft; Schroeder; Stevens; Sherman; Nichels
613,Kurtis Kraft
614,Kurtis Kraft
615,Kurtis Kraft
616,Kurtis Kraft
617,Cooper
618,BRM
619,Cooper; ERA
620,Porsche; Maserati; Ferrari
621,Cooper
622,Maserati; Ferrari
623,Maserati
624,Gordini; Maserati
625,Gordini; OSCA
626,Gordini; Ferrari; Simca
627,Maserati; Ferrari; Talbot-Lago
628,Kuzma; Kurtis Kraft
629,Stevens; Kurtis Kraft
630,Kurtis Kraft; Schroeder
631,Kurtis Kraft; Schroeder
632,Ferrari; Gordini; HWM; Simca
633,Maserati; Lancia; Ferrari
634,Connaught
635,Vanwall
636,Connaught
637,Connaught
638,Maserati
639,Gordini
640,Maserati; Alfa Romeo
641,Vanwall; Ferrari; Mercedes; Alfa Romeo
642,Ferrari; Alfa Romeo
643,Maserati; Gordini
644,Maserati
645,Maserati; Gordini
646,Gordini
647,Lancia; Maserati; Ferrari; Alfa Romeo
648,Mercedes
649,Gordini; Simca
650,Gordini
651,Maserati; HWM
652,HWM
653,Kurtis Kraft; Pawl; Ewing
654,Kurtis Kraft; Kuzma
655,Kurtis Kraft; Stevens
656,Kurtis Kraft
657,Kurtis Kraft; Trevis
658,Kurtis Kraft
659,Stevens; Kurtis Kraft
660,Maserati; Ferrari; Connaught; Gordini; Simca; HWM; Talbot-Lago
661,Maserati; BRM; ERA; Connaught
662,Gordini
663,Vanwall; Maserati; Cooper; Frazer Nash
664,Connaught
665,Connaught
666,Connaught; ERA
667,Maserati; HWM
668,Gordini
669,Maserati; Connaught; Simca; Gordini
670,Maserati
671,Gordini
672,Maserati
673,Kurtis Kraft; Turner
674,Kurtis Kraft
675,Kuzma; Lesovsky; Kurtis Kraft
676,Kurtis Kraft
677,Bromme; Kurtis Kraft; Maserati
678,Schroeder
679,Kurtis Kraft; Stevens
680,Ferrari; Talbot-Lago
681,Gordini; Simca
682,Connaught
683,Connaught
684,Connaught
685,Connaught
686,Ferrari; Cooper; BRM; Alfa Romeo; Maserati
687,Cooper; Alta; Ferrari
688,Cooper
689,Cooper
690,Cooper
691,Mercedes; Maserati
692,Klenk; Veritas
693,Gordini
694,Maserati
695,Maserati
696,Cooper
697,Maserati; Alfa Romeo; Milano
698,Cooper
699,Kurtis Kraft
700,Kurtis Kraft
701,Kurtis Kraft; Deidt
702,Bromme; Kurtis Kraft; Stevens; Schroeder
703,Veritas
704,HWM; Talbot-Lago
705,Cooper; Frazer Nash
706,Cooper
707,Connaught
708,HWM; Talbot-Lago
709,BMW
710,BMW
711,Veritas
712,Veritas; AFM
713,AFM
714,Ferrari
715,AFM; BMW
716,Veritas
717,AFM; Ferrari
718,Veritas
719,HWM
720,Ferrari; Simca
721,Ferrari; Veritas
722,Ferrari
723,Ferrari
724,Veritas
725,HWM
726,Kurtis Kraft; Lesovsky
727,Watson
728,Kurtis Kraft; Watson
729,Stevens; Kurtis Kraft; Snowberger
730,Sherman; Kurtis Kraft; Schroeder
731,Lesovsky; Moore; Maserati
732,Kurtis Kraft; Maserati
733,Kurtis Kraft
734,Stevens; Schroeder
735,Ferrari
736,HWM; Ferrari
737,Simca
738,HWM
739,Aston Butterworth
740,Ferrari; Maserati
741,Maserati; Talbot-Lago
742,Connaught
743,Connaught
744,Connaught
745,Alta
746,Maserati
747,Cooper; Maserati
748,Maserati
749,Aston Butterworth
750,Veritas
751,Veritas
752,AFM
753,Veritas
754,BMW
755,Ferrari
756,Veritas; Alfa Romeo; Maserati
757,Veritas
758,HWM
759,Maserati
760,Cisitalia
761,Maserati
762,Maserati; OSCA
763,Alfa Romeo
764,Talbot-Lago
765,Talbot-Lago
766,Kurtis Kraft; Moore
767,Kurtis Kraft
768,Deidt
769,Hall
770,Kurtis Kraft
771,Kurtis Kraft
772,Deidt; Kurtis Kraft
773,Talbot-Lago
774,Talbot-Lago
775,Simca
776,Alta
777,Maserati
778,ERA; Maserati
779,Maserati
780,Maserati
781,BRM
782,Maserati
783,Talbot-Lago
784,Maserati
785,Alta
786,Alfa Romeo
787,ERA
788,Maserati
789,Talbot-Lago
790,ERA
791,Ferrari
792,Maserati
793,Ferrari; Talbot-Lago
794,Kurtis Kraft
795,Marchese
796,Rae
797,Olson; Kurtis Kraft
798,Adams
799,Kurtis Kraft
800,Maserati
801,Talbot-Lago
802,Ferrari
803,Adams
804,Kurtis Kraft
805,Bromme
806,Maserati
807,Williams; Force India; Sauber; Renault
808,Renault; Caterham
810,Virgin
811,HRT; Renault; Williams
812,HRT; Lotus
813,Williams; Lotus F1
814,Force India; Williams
815,Sauber; McLaren; Force India
816,Virgin; Lotus F1
817,HRT; Toro Rosso; Red Bull
818,Toro Rosso
819,Marussia; Caterham
820,Marussia
821,Sauber; Haas F1 Team
822,Williams; Mercedes
823,Caterham
824,Marussia
825,McLaren; Renault; Haas F1 Team
826,Toro Rosso; Red Bull
827,Caterham
828,Caterham; Sauber
829,Caterham; Manor Marussia
830,Toro Rosso; Red Bull
831,Sauber
832,Toro Rosso; Renault
833,Manor Marussia
834,Manor Marussia
835,Renault
836,Manor Marussia; Sauber
837,Manor Marussia
838,McLaren
839,Manor Marussia; Force India
840,Williams
841,Sauber
843,Toro Rosso
844,Sauber
845,Williams
